{"id":1184739,"items":[{"id":1184868,"status":2,"title":"School Education 3","order":0,"templateKey":null,"pageLinks":[]},{"id":1188445,"status":2,"title":"education 1","order":0,"templateKey":null,"pageLinks":[]},{"id":1188953,"status":2,"title":"Page 4","order":0,"templateKey":null,"pageLinks":[]}],"metaTags":null,"order":"0","headHtml":null,"customCss":null,"headerHtml":"<section class=\"u-clearfix u-header u-palette-5-base u-sticky u-block-b8f0-1\" custom-posts-hash=\"T\" data-style=\"header-logo-menu-oneline\" data-post-id=\"3777449781\" data-section-properties=\"{&quot;grid-spacing&quot;:&quot;0&quot;,&quot;align&quot;:&quot;left&quot;,&quot;stretch&quot;:true}\" data-id=\"b8f0\" color-allocation=\"{&quot;name&quot;:&quot;header-section-light&quot;,&quot;section&quot;:&quot;white&quot;,&quot;cell-filled&quot;:&quot;white, grey-light-2&quot;,&quot;button&quot;:&quot;grey-light-2&quot;,&quot;button-border&quot;:&quot;grey-dark-1&quot;,&quot;menu-text&quot;:&quot;grey-dark-1&quot;,&quot;menu-link&quot;:&quot;grey-dark-2&quot;,&quot;line&quot;:&quot;grey-dark-1&quot;,&quot;image-border&quot;:&quot;white&quot;,&quot;rectangle&quot;:&quot;grey-light-1&quot;,&quot;group-filled&quot;:&quot;white&quot;,&quot;border&quot;:&quot;grey&quot;,&quot;link&quot;:&quot;grey-dark-3&quot;,&quot;metadata&quot;:&quot;grey-dark-1&quot;,&quot;cell-border-filled&quot;:&quot;grey&quot;,&quot;coloring-tags&quot;:&quot;text-image, box-image, grid-section, board-sheet, grid-sheet, rectangle-border&quot;,&quot;type&quot;:&quot;colored&quot;,&quot;form-input-border&quot;:&quot;grey&quot;}\" id=\"sec-d515\">\n  \n  <style data-mode=\"XL\">@media (min-width: 1200px){ .u-block-b8f0-1 {background-image: none}\n.u-block-b8f0-13 {min-height: 122px}\n.u-block-b8f0-12 {height: 102.969px; width: 103px; color: rgb(254, 126, 201) !important; margin-top: 9.3907px; margin-right: auto; margin-bottom: 0px; margin-left: -39.9844px}\n.u-block-b8f0-4 {margin-top: -80.7813px; margin-right: 0px; margin-bottom: 48.4219px; margin-left: auto}\n.u-block-b8f0-5 {font-size: 1.25rem; letter-spacing: 0px; font-weight: 700; text-transform: uppercase}\n.u-block-b8f0-9 {font-size: 1.25rem} }</style>\n  <style data-mode=\"LG\">@media (max-width: 1199px) and (min-width: 992px){ .u-block-b8f0-1 {background-image: none}\n.u-block-b8f0-13 {min-height: 122px}\n.u-block-b8f0-12 {height: 102.969px; width: 103px; color: rgb(254, 126, 201) !important; margin-top: 9.3907px; margin-right: auto; margin-bottom: 0px; margin-left: -40px}\n.u-block-b8f0-4 {width: auto; margin-top: -81px; margin-right: 100px; margin-bottom: 48.4219px; margin-left: auto}\n.u-block-b8f0-5 {text-transform: uppercase; font-weight: 400; font-size: 1.25rem; letter-spacing: 0px}\n.u-block-b8f0-9 {font-size: 1.25rem} }</style>\n  <style data-mode=\"MD\">@media (max-width: 991px) and (min-width: 768px){ .u-block-b8f0-1 {background-image: none}\n.u-block-b8f0-13 {min-height: 122px}\n.u-block-b8f0-12 {height: 102.969px; width: 103px; color: rgb(254, 126, 201) !important; margin-top: 9.3907px; margin-right: auto; margin-bottom: 0px; margin-left: -40px}\n.u-block-b8f0-4 {width: auto; margin-top: -81px; margin-right: 210px; margin-bottom: 48.4219px; margin-left: auto}\n.u-block-b8f0-5 {text-transform: uppercase; font-weight: 400; font-size: 1.25rem; letter-spacing: 0px}\n.u-block-b8f0-9 {font-size: 1.25rem} }</style>\n  <style data-mode=\"SM\">@media (max-width: 767px) and (min-width: 576px){ .u-block-b8f0-1 {background-image: none}\n.u-block-b8f0-13 {min-height: 122px}\n.u-block-b8f0-12 {height: 102.969px; width: 103px; color: rgb(254, 126, 201) !important; margin-top: 9.3907px; margin-right: auto; margin-bottom: 0px; margin-left: -40px}\n.u-block-b8f0-4 {width: auto; margin-top: -81px; margin-right: 297px; margin-bottom: 48.4219px; margin-left: auto}\n.u-block-b8f0-5 {text-transform: uppercase; font-weight: 400; font-size: 1.25rem; letter-spacing: 0px}\n.u-block-b8f0-9 {font-size: 1.25rem} }</style>\n  <style data-mode=\"XS\">@media (max-width: 575px){ .u-block-b8f0-1 {background-image: none}\n.u-block-b8f0-13 {min-height: 122px}\n.u-block-b8f0-12 {height: 102.969px; width: 103px; color: rgb(254, 126, 201) !important; margin-top: 9.3907px; margin-right: auto; margin-bottom: 0px; margin-left: -40px}\n.u-block-b8f0-4 {width: 24px; margin-top: -81px; margin-right: 39px; margin-bottom: 48.4219px; margin-left: auto}\n.u-block-b8f0-5 {text-transform: uppercase; font-weight: 400; font-size: 1.25rem; letter-spacing: 0px}\n.u-block-b8f0-9 {font-size: 1.25rem} }</style>\n<div class=\"u-clearfix u-sheet u-block-b8f0-13\"><span class=\"u-file-icon u-icon u-icon-circle u-block-b8f0-12\"><img src=\"np://user.desktop.nicepage.com/Site_1184739/images/5969058.png\" alt=\"\" data-original-src=\"np://user.desktop.nicepage.com/Site_1184739/images/5969058.png\" data-color=\"rgb(254, 126, 201)\"></span><nav class=\"u-align-right u-menu u-menu-dropdown u-offcanvas u-block-b8f0-4\">\n      <div class=\"menu-collapse\" style=\"font-size: 1.25rem; letter-spacing: 0px; font-weight: 700; text-transform: uppercase;\">\n        <a class=\"u-btn-text u-button-style u-custom-active-border-color u-custom-border u-custom-border-color u-custom-borders u-custom-hover-border-color u-custom-padding-bottom u-custom-text-active-color u-custom-text-color u-custom-text-hover-color u-custom-top-bottom-menu-spacing u-nav-link\" href=\"#\" style=\"padding: 1px 0px; font-size: calc(1em + 2px);\">\n          <svg class=\"u-svg-link\" preserveAspectRatio=\"xMidYMin slice\" viewBox=\"0 0 302 302\" style=\"undefined\">\n            <use xlink:href=\"#svg-a760\"></use>\n          </svg>\n          <svg xmlns=\"http://www.w3.org/2000/svg\" xmlns:xlink=\"http://www.w3.org/1999/xlink\" version=\"1.1\" id=\"svg-a760\" x=\"0px\" y=\"0px\" viewBox=\"0 0 302 302\" style=\"enable-background:new 0 0 302 302;\" xml:space=\"preserve\" class=\"u-svg-content\">\n            <g>\n              <rect y=\"36\" width=\"302\" height=\"30\"></rect>\n              <rect y=\"236\" width=\"302\" height=\"30\"></rect>\n              <rect y=\"136\" width=\"302\" height=\"30\"></rect>\n            </g>\n            <g></g>\n            <g></g>\n            <g></g>\n            <g></g>\n            <g></g>\n            <g></g>\n            <g></g>\n            <g></g>\n            <g></g>\n            <g></g>\n            <g></g>\n            <g></g>\n            <g></g>\n            <g></g>\n            <g></g>\n          </svg>\n        </a>\n      </div>\n      <div class=\"u-custom-menu u-nav-container\">\n        <ul class=\"u-nav u-spacing-30 u-unstyled u-block-b8f0-5\"><li class=\"u-nav-item\"><a class=\"u-border-2 u-border-active-palette-1-base u-border-hover-palette-1-base u-border-no-left u-border-no-right u-border-no-top u-button-style u-nav-link u-text-active-palette-5-light-2 u-text-hover-white u-text-white\" href=\"/Home.html\" data-page-id=\"12469\" style=\"padding: 10px 0px;\">Home</a><div class=\"fake u-hidden u-nav-popup\"><ul class=\"u-nav u-unstyled u-block-b8f0-10\"><li class=\"u-nav-item\"><a class=\"u-button-style u-nav-link\" href=\"#\">Menu Item1</a></li><li class=\"u-nav-item\"><a class=\"u-button-style u-nav-link\" href=\"#\">Menu Item2</a></li><li class=\"u-nav-item\"><a class=\"u-button-style u-nav-link\" href=\"#\">Menu Item3</a></li></ul></div></li><li class=\"u-nav-item\"><a class=\"u-border-2 u-border-active-palette-1-base u-border-hover-palette-1-base u-border-no-left u-border-no-right u-border-no-top u-button-style u-nav-link u-text-active-palette-5-light-2 u-text-hover-white u-text-white\" style=\"padding: 10px 0px;\">About</a></li><li class=\"u-nav-item\"><a class=\"u-border-2 u-border-active-palette-1-base u-border-hover-palette-1-base u-border-no-left u-border-no-right u-border-no-top u-button-style u-nav-link u-text-active-palette-5-light-2 u-text-hover-white u-text-white\" style=\"padding: 10px 0px;\">Our Services</a></li><li class=\"u-nav-item\"><a class=\"u-border-2 u-border-active-palette-1-base u-border-hover-palette-1-base u-border-no-left u-border-no-right u-border-no-top u-button-style u-nav-link u-text-active-palette-5-light-2 u-text-hover-white u-text-white\" href=\"/Page-5.html\" data-page-id=\"119573\" style=\"padding: 10px 0px;\">Admission Form</a></li><li class=\"u-nav-item\"><a class=\"u-border-2 u-border-active-palette-1-base u-border-hover-palette-1-base u-border-no-left u-border-no-right u-border-no-top u-button-style u-nav-link u-text-active-palette-5-light-2 u-text-hover-white u-text-white\" style=\"padding: 10px 0px;\">Feedback</a></li></ul>\n      </div>\n      <div class=\"u-custom-menu u-nav-container-collapse\">\n        <div class=\"u-black u-container-style u-inner-container-layout u-opacity u-opacity-95 u-sidenav u-block-b8f0-7\"><div class=\"u-inner-container-layout u-sidenav-overflow\">\n          <div class=\"u-menu-close u-block-b8f0-8\"></div>\n          <ul class=\"u-align-center u-nav u-popupmenu-items u-unstyled u-block-b8f0-9\"><li class=\"u-nav-item\"><a class=\"u-button-style u-nav-link\" href=\"/Home.html\" data-page-id=\"12469\">Home</a><div class=\"fake u-hidden u-nav-popup\"><ul class=\"u-nav u-unstyled u-block-b8f0-11\"><li class=\"u-nav-item\"><a class=\"u-button-style u-nav-link\" href=\"#\">Menu Item1</a></li><li class=\"u-nav-item\"><a class=\"u-button-style u-nav-link\" href=\"#\">Menu Item2</a></li><li class=\"u-nav-item\"><a class=\"u-button-style u-nav-link\" href=\"#\">Menu Item3</a></li></ul></div></li><li class=\"u-nav-item\"><a class=\"u-button-style u-nav-link\">About</a></li><li class=\"u-nav-item\"><a class=\"u-button-style u-nav-link\">Our Services</a></li><li class=\"u-nav-item\"><a class=\"u-button-style u-nav-link\" href=\"/Page-5.html\" data-page-id=\"119573\">Admission Form</a></li><li class=\"u-nav-item\"><a class=\"u-button-style u-nav-link\">Feedback</a></li></ul>\n        </div></div>\n        <div class=\"u-black u-menu-overlay u-opacity u-opacity-70\"></div>\n      </div>\n    </nav></div></section>","footerHtml":"<section class=\"u-clearfix u-footer u-palette-1-base u-block-5f61-1\" custom-posts-hash=\"[T,T,T]\" data-style=\"footer-logo-3-cols-social-icons\" data-post-id=\"2131431468;2128482347;2128482347\" data-section-properties=\"{&quot;grid-spacing&quot;:&quot;30&quot;,&quot;align&quot;:&quot;center&quot;,&quot;stretch&quot;:true}\" data-id=\"5f61\" color-allocation=\"{&quot;name&quot;:&quot;footer-section-1&quot;,&quot;section&quot;:&quot;grey-dark-2&quot;,&quot;cell-filled&quot;:&quot;grey-dark-3&quot;,&quot;button&quot;:&quot;white&quot;,&quot;button-border&quot;:&quot;white&quot;,&quot;menu-text&quot;:&quot;white&quot;,&quot;menu-link&quot;:&quot;white&quot;,&quot;line&quot;:&quot;white&quot;,&quot;image-border&quot;:&quot;grey-dark-3&quot;,&quot;rectangle&quot;:&quot;grey-dark-1&quot;,&quot;group-filled&quot;:&quot;grey-dark-1&quot;,&quot;border&quot;:&quot;white&quot;,&quot;cell-border-filled&quot;:&quot;white&quot;,&quot;link&quot;:&quot;grey-light-1&quot;,&quot;metadata&quot;:&quot;&quot;,&quot;coloring-tags&quot;:&quot;box-image, grid-section, board-sheet, grid-sheet, rectangle-border&quot;,&quot;type&quot;:&quot;dark&quot;,&quot;form-input-border&quot;:&quot;grey&quot;}\" id=\"sec-ae6f\">\n  <div class=\"u-align-left u-clearfix u-sheet u-block-5f61-2\">\n    \n    \n    \n  </div>\n  <style data-mode=\"XL\" data-visited=\"true\">@media (min-width: 1200px){ .u-block-5f61-2 {min-height: 13px} }</style>\n  <style data-mode=\"LG\" data-visited=\"true\">@media (max-width: 1199px) and (min-width: 992px){ .u-block-5f61-2 {min-height: 13px} }</style>\n  <style data-mode=\"MD\" data-visited=\"true\">@media (max-width: 991px) and (min-width: 768px){ .u-block-5f61-2 {min-height: 282px} }</style>\n  <style data-mode=\"SM\" data-visited=\"true\">@media (max-width: 767px) and (min-width: 576px){ .u-block-5f61-2 {min-height: 507px} }</style>\n  <style data-mode=\"XS\" data-visited=\"true\">@media (max-width: 575px){ .u-block-5f61-2 {min-height: 507px} }</style>\n</section>","hideBacklink":null,"homePageId":1184868,"dateUpdated":1640943910547,"settings":"{\"id\":0,\"colorScheme\":{\"bodyColors\":[\"#42434b\",\"#ffffff\"],\"bgColor\":\"#ffffff\",\"colors\":[\"#fe7ec9\",\"#38c4c1\",\"#feca02\",\"#488df4\",\"#17263c\"],\"customColors\":[{\"color\":\"#231e23\",\"status\":0,\"transparency\":1,\"index\":0}],\"shadingContrast\":\"body-alt-color\",\"whiteContrast\":\"body-color\",\"bgContrast\":\"body-color\",\"name\":\"u11\"},\"fontScheme\":{\"name\":\"Oswald-OpenSans\",\"isDefault\":true,\"fonts\":{\"heading\":\"Oswald, sans-serif\",\"text\":\"Open Sans, sans-serif\",\"accent\":\"Arial, sans-serif\",\"headingTitle\":\"Oswald\",\"textTitle\":\"Open Sans\"}},\"typography\":{\"name\":\"custom-page-typography-6\",\"title\":{\"font-weight\":\"700\",\"line-height\":\"1_1\",\"font-size\":6,\"margin-top\":20,\"margin-bottom\":20},\"subtitle\":{\"font-weight\":\"700\",\"line-height\":\"1_2\",\"font-size\":2.25,\"margin-top\":20,\"margin-bottom\":20},\"h1\":{\"font-weight\":\"700\",\"line-height\":\"1_1\",\"font-size\":3.75,\"margin-top\":20,\"margin-bottom\":20},\"h2\":{\"font-weight\":\"700\",\"line-height\":\"1_2\",\"font-size\":2.25,\"margin-top\":20,\"margin-bottom\":20},\"h3\":{\"font-weight\":\"700\",\"line-height\":\"1_2\",\"font-size\":1.875,\"margin-top\":20,\"margin-bottom\":20},\"h4\":{\"line-height\":\"1_2\",\"font-size\":1.5,\"margin-top\":20,\"margin-bottom\":20,\"text-transform\":\"uppercase\",\"letter-spacing\":1,\"font-weight\":\"300\",\"text-color\":\"grey-50\"},\"h5\":{\"font-weight\":\"700\",\"line-height\":\"1_2\",\"font-size\":1.25,\"margin-top\":20,\"margin-bottom\":20},\"h6\":{\"line-height\":\"1_2\",\"font-size\":0.875,\"margin-top\":20,\"margin-bottom\":20,\"text-transform\":\"uppercase\",\"letter-spacing\":1,\"bold\":true},\"largeText\":{\"bold\":false,\"line-height\":\"1_6\",\"font-size\":1,\"margin-top\":20,\"margin-bottom\":20},\"text\":{\"bold\":false,\"line-height\":\"1.7\",\"font-size\":1.125,\"margin-top\":20,\"margin-bottom\":20},\"smallText\":{\"bold\":false,\"line-height\":\"1_6\",\"font-size\":0.875,\"margin-top\":20,\"margin-bottom\":20},\"link\":{},\"button\":{\"letter-spacing\":\"1\",\"font-size\":1,\"line-height\":\"1_4\",\"color\":\"palette-1-base\",\"margin-top\":20,\"margin-bottom\":20,\"text-transform\":\"uppercase\",\"font-weight\":\"600\"},\"blockquote\":{\"font-style\":\"italic\",\"line-height\":\"1_6\",\"font-size\":1.25,\"indent\":20,\"border\":4,\"border-color\":\"palette-1-base\",\"margin-top\":20,\"margin-bottom\":20},\"metadata\":{\"font-size\":0.75,\"line-height\":\"1_4\",\"margin-top\":20,\"margin-bottom\":20},\"list\":{\"margin-top\":20,\"margin-bottom\":20},\"orderedlist\":{\"margin-top\":20,\"margin-bottom\":20},\"postContent\":{\"margin-top\":20,\"margin-bottom\":20},\"theme\":{\"gradient\":\"\",\"image\":\"\"},\"htmlBaseSize\":16,\"hyperlink\":{\"text-color\":\"palette-1-base\"}},\"backToTop\":\"<span style=\\\"height: 64px; width: 64px; margin-left: 0px; margin-right: auto; margin-top: 0px; background-image: none; right: 20px; bottom: 20px\\\" class=\\\"u-back-to-top u-icon u-icon-circle u-opacity u-opacity-85 u-palette-1-base u-spacing-15\\\" data-href=\\\"#\\\">\\n        <svg class=\\\"u-svg-link\\\" preserveAspectRatio=\\\"xMidYMin slice\\\" viewBox=\\\"0 0 551.13 551.13\\\">\\n            <use xmlns:xlink=\\\"http://www.w3.org/1999/xlink\\\" xlink:href=\\\"#svg-1d98\\\"></use>\\n        </svg>\\n        <svg class=\\\"u-svg-content\\\" enable-background=\\\"new 0 0 551.13 551.13\\\" viewBox=\\\"0 0 551.13 551.13\\\" xmlns=\\\"http://www.w3.org/2000/svg\\\" id=\\\"svg-1d98\\\">\\n            <path d=\\\"m275.565 189.451 223.897 223.897h51.668l-275.565-275.565-275.565 275.565h51.668z\\\"></path>\\n        </svg>\\n    </span>\",\"cookiesSection\":\"<section class=\\\"u-align-center u-block-46f1-1 u-clearfix u-cookies-consent u-grey-80\\\" custom-posts-hash=\\\"T\\\" style=\\\"background-image: none\\\" data-post-id=\\\"1\\\" data-section-properties=\\\"{&quot;stretch&quot;:true}\\\" data-id=\\\"46f1\\\" data-posts-content=\\\"[{'images':[],'maps':[],'videos':[],'icons':[],'textWidth':874,'textHeight':152,'id':1,'headingProp':'h3','textProp':'text'}]\\\" data-style=\\\"cookie-1\\\" id=\\\"sec-6cc9\\\" data-source=\\\"\\\">\\n  <div class=\\\"u-block-46f1-2 u-clearfix u-sheet u-valign-middle\\\" style=\\\"min-height: 212px\\\" data-state=\\\"{&quot;margin-top&quot;:{&quot;shouldApplyDefaultMargins&quot;:{&quot;XL&quot;:false,&quot;LG&quot;:false,&quot;MD&quot;:false,&quot;SM&quot;:false,&quot;XS&quot;:false},&quot;parentVerticalAlign&quot;:{&quot;XL&quot;:&quot;middle&quot;,&quot;LG&quot;:&quot;middle&quot;,&quot;MD&quot;:&quot;middle&quot;,&quot;SM&quot;:&quot;middle&quot;,&quot;XS&quot;:&quot;middle&quot;}},&quot;margin-bottom&quot;:{&quot;shouldApplyDefaultMargins&quot;:{&quot;XL&quot;:false,&quot;LG&quot;:false,&quot;MD&quot;:false,&quot;SM&quot;:false,&quot;XS&quot;:false},&quot;parentVerticalAlign&quot;:{&quot;XL&quot;:&quot;middle&quot;,&quot;LG&quot;:&quot;middle&quot;,&quot;MD&quot;:&quot;middle&quot;,&quot;SM&quot;:&quot;middle&quot;,&quot;XS&quot;:&quot;middle&quot;}}}\\\" data-height-lg=\\\"158\\\" data-height-md=\\\"131\\\" data-height-sm=\\\"106\\\" data-height-xs=\\\"225\\\">\\n    <div class=\\\"u-block-46f1-7 u-clearfix u-expanded-width u-layout-wrap\\\" style=\\\"margin-top: 30px; margin-bottom: 30px\\\" data-state=\\\"{&quot;margin-top&quot;:{&quot;shouldApplyDefaultMargins&quot;:{&quot;XL&quot;:false,&quot;LG&quot;:false,&quot;MD&quot;:false,&quot;SM&quot;:true,&quot;XS&quot;:true},&quot;parentVerticalAlign&quot;:{&quot;XL&quot;:&quot;middle&quot;,&quot;LG&quot;:&quot;middle&quot;,&quot;MD&quot;:&quot;middle&quot;,&quot;SM&quot;:&quot;middle&quot;,&quot;XS&quot;:&quot;middle&quot;}},&quot;margin-bottom&quot;:{&quot;shouldApplyDefaultMargins&quot;:{&quot;XL&quot;:false,&quot;LG&quot;:false,&quot;MD&quot;:false,&quot;SM&quot;:true,&quot;XS&quot;:true},&quot;parentVerticalAlign&quot;:{&quot;XL&quot;:&quot;middle&quot;,&quot;LG&quot;:&quot;middle&quot;,&quot;MD&quot;:&quot;middle&quot;,&quot;SM&quot;:&quot;middle&quot;,&quot;XS&quot;:&quot;middle&quot;}}}\\\">\\n      <div class=\\\"u-gutter-0 u-layout\\\">\\n        <div class=\\\"u-layout-row\\\">\\n          <div class=\\\"u-block-46f1-8 u-container-style u-layout-cell u-left-cell u-size-43-md u-size-43-sm u-size-43-xs u-size-46-lg u-size-46-xl\\\" style=\\\"min-height: 152px\\\" data-state=\\\"{&quot;min-height&quot;:{&quot;expandedParent&quot;:{&quot;XL&quot;:true,&quot;LG&quot;:true,&quot;MD&quot;:true,&quot;SM&quot;:true,&quot;XS&quot;:true},&quot;cellMultiplier&quot;:{&quot;XL&quot;:1,&quot;LG&quot;:1,&quot;MD&quot;:0.9347826086956521,&quot;SM&quot;:1.3953488372093024,&quot;XS&quot;:1},&quot;canCollapse&quot;:{&quot;XL&quot;:false,&quot;LG&quot;:false,&quot;MD&quot;:true,&quot;SM&quot;:true,&quot;XS&quot;:true}}}\\\">\\n            <div class=\\\"u-block-46f1-9 u-container-layout u-valign-middle\\\" style=\\\"padding-top: 30px; padding-bottom: 30px; padding-left: 60px; padding-right: 60px\\\" data-state=\\\"{&quot;min-height&quot;:{&quot;canCollapse&quot;:{&quot;XL&quot;:false,&quot;LG&quot;:false,&quot;MD&quot;:false,&quot;SM&quot;:false,&quot;XS&quot;:false}}}\\\">\\n              <h3 class=\\\"u-block-46f1-6 u-text u-text-default\\\" style=\\\"margin-top: 0px; margin-right: 20px; margin-bottom: 0px;\\\">Cookies &amp; Privacy</h3>\\n              <p class=\\\"u-block-46f1-5 u-text u-text-default\\\" style=\\\"margin: 8px 20px 0px 0px;\\\">This website uses cookies to ensure you get the best experience on our website.</p>\\n            </div>\\n          </div>\\n          <div class=\\\"u-align-left u-block-46f1-10 u-container-style u-layout-cell u-right-cell u-size-14-lg u-size-14-xl u-size-17-md u-size-17-sm u-size-17-xs\\\" style=\\\"min-height: 152px\\\" data-state=\\\"{&quot;min-height&quot;:{&quot;expandedParent&quot;:{&quot;XL&quot;:true,&quot;LG&quot;:true,&quot;MD&quot;:true,&quot;SM&quot;:true,&quot;XS&quot;:true},&quot;cellMultiplier&quot;:{&quot;XL&quot;:1,&quot;LG&quot;:1,&quot;MD&quot;:1.2142857142857142,&quot;SM&quot;:3.5294117647058822,&quot;XS&quot;:1},&quot;canCollapse&quot;:{&quot;XL&quot;:false,&quot;LG&quot;:false,&quot;MD&quot;:true,&quot;SM&quot;:true,&quot;XS&quot;:true}}}\\\">\\n            <div class=\\\"u-block-46f1-11 u-container-layout u-valign-middle-lg u-valign-middle-md u-valign-middle-xl u-valign-top-sm u-valign-top-xs\\\" style=\\\"padding-top: 30px; padding-bottom: 30px; padding-left: 30px; padding-right: 30px\\\" data-state=\\\"{&quot;min-height&quot;:{&quot;canCollapse&quot;:{&quot;XL&quot;:false,&quot;LG&quot;:false,&quot;MD&quot;:false,&quot;SM&quot;:false,&quot;XS&quot;:false}}}\\\">\\n              <a href=\\\"###\\\" class=\\\"u-block-46f1-3 u-btn u-button-confirm u-button-style u-palette-1-base\\\" style=\\\"margin-top: 0px; margin-right: auto; margin-bottom: 0px; margin-left: 0px\\\">Confirm</a>\\n            </div>\\n          </div>\\n        </div>\\n      </div>\\n    </div>\\n  </div>\\n  <style data-mode=\\\"XL\\\">@media (max-width: 0px) { .u-block-46f1-1 {background-image: none}\\n.u-block-46f1-2 {min-height: 212px}\\n.u-block-46f1-7 {margin-top: 30px; margin-bottom: 30px}\\n.u-block-46f1-8 {min-height: 152px}\\n.u-block-46f1-9 {padding-top: 30px; padding-bottom: 30px; padding-left: 60px; padding-right: 60px}\\n.u-block-46f1-6 {margin-top: 0px; margin-right: 20px; margin-bottom: 0px}\\n.u-block-46f1-5 {margin-top: 8px; margin-right: 20px; margin-bottom: 0px; margin-left: 0px}\\n.u-block-46f1-10 {min-height: 152px}\\n.u-block-46f1-11 {padding-top: 30px; padding-bottom: 30px; padding-left: 30px; padding-right: 30px}\\n.u-block-46f1-3 {margin-top: 0px; margin-right: auto; margin-bottom: 0px; margin-left: 0px} }</style>\\n  <style data-mode=\\\"LG\\\">@media (max-width: 0px) { .u-block-46f1-1 {background-image: none}\\n.u-block-46f1-2 {min-height: 131px}\\n.u-block-46f1-7 {margin-top: 30px; margin-bottom: 30px}\\n.u-block-46f1-8 {min-height: 125px}\\n.u-block-46f1-9 {padding-top: 30px; padding-bottom: 30px; padding-left: 60px; padding-right: 60px}\\n.u-block-46f1-6 {margin-top: 0px; margin-right: 0px; margin-bottom: 0px}\\n.u-block-46f1-5 {margin-top: 8px; margin-right: 0px; margin-bottom: 0px; margin-left: 0px}\\n.u-block-46f1-10 {min-height: 125px}\\n.u-block-46f1-11 {padding-top: 30px; padding-bottom: 30px; padding-left: 30px; padding-right: 30px}\\n.u-block-46f1-3 {margin-top: 0px; margin-right: auto; margin-bottom: 0px; margin-left: 0px} }</style>\\n  <style data-mode=\\\"MD\\\" data-visited=\\\"true\\\">@media (max-width: 0px) { .u-block-46f1-1 {background-image: none}\\n.u-block-46f1-2 {min-height: 106px}\\n.u-block-46f1-7 {margin-top: 30px; margin-bottom: 30px}\\n.u-block-46f1-8 {min-height: 100px}\\n.u-block-46f1-9 {padding-top: 30px; padding-bottom: 30px; padding-left: 30px; padding-right: 30px}\\n.u-block-46f1-6 {margin-top: 0px; margin-right: 0px; margin-bottom: 0px}\\n.u-block-46f1-5 {margin-top: 8px; margin-right: 0px; margin-bottom: 0px; margin-left: 0px}\\n.u-block-46f1-10 {min-height: 100px}\\n.u-block-46f1-11 {padding-top: 30px; padding-bottom: 30px; padding-left: 30px; padding-right: 30px}\\n.u-block-46f1-3 {margin-top: 0px; margin-right: auto; margin-bottom: 0px; margin-left: 0px} }</style>\\n  <style data-mode=\\\"SM\\\" data-visited=\\\"true\\\">@media (max-width: 0px) { .u-block-46f1-1 {background-image: none}\\n.u-block-46f1-2 {min-height: 225px}\\n.u-block-46f1-7 {margin-top: 30px; margin-bottom: 30px}\\n.u-block-46f1-8 {min-height: 154px}\\n.u-block-46f1-9 {padding-top: 30px; padding-left: 10px; padding-right: 10px; padding-bottom: 20px}\\n.u-block-46f1-6 {margin-top: 0px; margin-right: 0px; margin-bottom: 0px}\\n.u-block-46f1-5 {margin-top: 8px; margin-right: 0px; margin-bottom: 0px; margin-left: 0px}\\n.u-block-46f1-10 {min-height: 65px}\\n.u-block-46f1-11 {padding-top: 10px; padding-bottom: 10px; padding-left: 10px; padding-right: 10px}\\n.u-block-46f1-3 {margin-top: 0px; margin-right: auto; margin-bottom: 0px; margin-left: 0px} }</style>\\n  <style data-mode=\\\"XS\\\" data-visited=\\\"true\\\">@media (max-width: 0px) { .u-block-46f1-1 {background-image: none}\\n.u-block-46f1-2 {min-height: 121px}\\n.u-block-46f1-7 {margin-top: 30px; margin-bottom: 30px}\\n.u-block-46f1-8 {min-height: 100px}\\n.u-block-46f1-9 {padding-top: 30px; padding-bottom: 20px; padding-left: 10px; padding-right: 10px}\\n.u-block-46f1-6 {margin-top: 0px; margin-right: 0px; margin-bottom: 0px}\\n.u-block-46f1-5 {margin-top: 8px; margin-right: 0px; margin-bottom: 0px; margin-left: 0px}\\n.u-block-46f1-10 {min-height: 15px}\\n.u-block-46f1-11 {padding-top: 10px; padding-bottom: 10px; padding-left: 10px; padding-right: 10px}\\n.u-block-46f1-3 {margin-top: 0px; margin-right: auto; margin-bottom: 0px; margin-left: 0px} }</style>\\n</section>\",\"themeBackLinks\":\"\",\"blog\":\"{\\\"posts\\\":{\\\"items\\\":[]}}\",\"domain\":\"\"}","dialog":null,"title":"WebSite1184739","siteStyleCss":"<style id=\"color-scheme\" color-scheme=\"u11\" color-style=\"multicolor-1\">.u-body {\n--none: transparent;\n--none-darker: transparent;\n--none-r: 255;\n--none-g: 255;\n--none-b: 255;\n--none-contrast: body-color;\n--none-contrast-darker: body-color;\n--none-text-color: var(--body-color);\n--transparent: transparent;\n--transparent-darker: transparent;\n--transparent-r: 255;\n--transparent-g: 255;\n--transparent-b: 255;\n--transparent-contrast: body-color;\n--transparent-contrast-darker: body-color;\n--transparent-text-color: var(--body-color);\n--custom-color-1: #231e23;\n--custom-color-1-darker: #201b20;\n--custom-color-1-r: 35;\n--custom-color-1-g: 30;\n--custom-color-1-b: 35;\n--custom-color-1-contrast: white;\n--custom-color-1-contrast-darker: white;\n--custom-color-1-text-color: var(--body-alt-color);\n--body-color: #42434b;\n--body-color-darker: #3b3c44;\n--body-color-r: 66;\n--body-color-g: 67;\n--body-color-b: 75;\n--body-color-contrast: white;\n--body-color-contrast-darker: white;\n--body-color-text-color: var(--body-alt-color);\n--body-alt-color: #ffffff;\n--body-alt-color-darker: #e6e6e6;\n--body-alt-color-r: 255;\n--body-alt-color-g: 255;\n--body-alt-color-b: 255;\n--body-alt-color-contrast: black;\n--body-alt-color-contrast-darker: black;\n--body-alt-color-text-color: var(--body-color);\n--bg-color: #ffffff;\n--bg-color-darker: #e6e6e6;\n--bg-color-r: 255;\n--bg-color-g: 255;\n--bg-color-b: 255;\n--bg-color-contrast: black;\n--bg-color-contrast-darker: black;\n--bg-color-text-color: var(--body-color);\n--palette-1-base: #fe7ec9;\n--palette-1-base-darker: #fe58b9;\n--palette-1-base-r: 254;\n--palette-1-base-g: 126;\n--palette-1-base-b: 201;\n--palette-1-base-contrast: white;\n--palette-1-base-contrast-darker: white;\n--palette-1-base-text-color: var(--body-alt-color);\n--palette-1-dark-3: #33292f;\n--palette-1-dark-3-darker: #2e252a;\n--palette-1-dark-3-r: 51;\n--palette-1-dark-3-g: 41;\n--palette-1-dark-3-b: 47;\n--palette-1-dark-3-contrast: white;\n--palette-1-dark-3-contrast-darker: white;\n--palette-1-dark-3-text-color: var(--body-alt-color);\n--palette-1-dark-2: #6a485c;\n--palette-1-dark-2-darker: #5f4153;\n--palette-1-dark-2-r: 106;\n--palette-1-dark-2-g: 72;\n--palette-1-dark-2-b: 92;\n--palette-1-dark-2-contrast: white;\n--palette-1-dark-2-contrast-darker: white;\n--palette-1-dark-2-text-color: var(--body-alt-color);\n--palette-1-dark-1: #a15a84;\n--palette-1-dark-1-darker: #915177;\n--palette-1-dark-1-r: 161;\n--palette-1-dark-1-g: 90;\n--palette-1-dark-1-b: 132;\n--palette-1-dark-1-contrast: white;\n--palette-1-dark-1-contrast-darker: white;\n--palette-1-dark-1-text-color: var(--body-alt-color);\n--palette-1: #d75fa6;\n--palette-1-darker: #d14698;\n--palette-1-r: 215;\n--palette-1-g: 95;\n--palette-1-b: 166;\n--palette-1-contrast: white;\n--palette-1-contrast-darker: white;\n--palette-1-text-color: var(--body-alt-color);\n--palette-1-light-1: #fe7ec9;\n--palette-1-light-1-darker: #fe58b9;\n--palette-1-light-1-r: 254;\n--palette-1-light-1-g: 126;\n--palette-1-light-1-b: 201;\n--palette-1-light-1-contrast: white;\n--palette-1-light-1-contrast-darker: white;\n--palette-1-light-1-text-color: var(--body-alt-color);\n--palette-1-light-2: #feb8e1;\n--palette-1-light-2-darker: #fd8dcf;\n--palette-1-light-2-r: 254;\n--palette-1-light-2-g: 184;\n--palette-1-light-2-b: 225;\n--palette-1-light-2-contrast: black;\n--palette-1-light-2-contrast-darker: white;\n--palette-1-light-2-text-color: var(--body-color);\n--palette-1-light-3: #fff2fa;\n--palette-1-light-3-darker: #ffc0e7;\n--palette-1-light-3-r: 255;\n--palette-1-light-3-g: 242;\n--palette-1-light-3-b: 250;\n--palette-1-light-3-contrast: black;\n--palette-1-light-3-contrast-darker: black;\n--palette-1-light-3-text-color: var(--body-color);\n--palette-2-base: #38c4c1;\n--palette-2-base-darker: #32b0ae;\n--palette-2-base-r: 56;\n--palette-2-base-g: 196;\n--palette-2-base-b: 193;\n--palette-2-base-contrast: white;\n--palette-2-base-contrast-darker: white;\n--palette-2-base-text-color: var(--body-alt-color);\n--palette-2-dark-3: #293333;\n--palette-2-dark-3-darker: #252e2e;\n--palette-2-dark-3-r: 41;\n--palette-2-dark-3-g: 51;\n--palette-2-dark-3-b: 51;\n--palette-2-dark-3-contrast: white;\n--palette-2-dark-3-contrast-darker: white;\n--palette-2-dark-3-text-color: var(--body-alt-color);\n--palette-2-dark-2: #437c7a;\n--palette-2-dark-2-darker: #3c706e;\n--palette-2-dark-2-r: 67;\n--palette-2-dark-2-g: 124;\n--palette-2-dark-2-b: 122;\n--palette-2-dark-2-contrast: white;\n--palette-2-dark-2-contrast-darker: white;\n--palette-2-dark-2-text-color: var(--body-alt-color);\n--palette-2-dark-1: #38c4c1;\n--palette-2-dark-1-darker: #32b0ae;\n--palette-2-dark-1-r: 56;\n--palette-2-dark-1-g: 196;\n--palette-2-dark-1-b: 193;\n--palette-2-dark-1-contrast: white;\n--palette-2-dark-1-contrast-darker: white;\n--palette-2-dark-1-text-color: var(--body-alt-color);\n--palette-2: #4ae2df;\n--palette-2-darker: #30deda;\n--palette-2-r: 74;\n--palette-2-g: 226;\n--palette-2-b: 223;\n--palette-2-contrast: black;\n--palette-2-contrast-darker: black;\n--palette-2-text-color: var(--body-color);\n--palette-2-light-1: #7cebe8;\n--palette-2-light-1-darker: #5de6e3;\n--palette-2-light-1-r: 124;\n--palette-2-light-1-g: 235;\n--palette-2-light-1-b: 232;\n--palette-2-light-1-contrast: black;\n--palette-2-light-1-contrast-darker: black;\n--palette-2-light-1-text-color: var(--body-color);\n--palette-2-light-2: #b2f3f2;\n--palette-2-light-2-darker: #8eedec;\n--palette-2-light-2-r: 178;\n--palette-2-light-2-g: 243;\n--palette-2-light-2-b: 242;\n--palette-2-light-2-contrast: black;\n--palette-2-light-2-contrast-darker: black;\n--palette-2-light-2-text-color: var(--body-color);\n--palette-2-light-3: #ebfcfc;\n--palette-2-light-3-darker: #c1f6f6;\n--palette-2-light-3-r: 235;\n--palette-2-light-3-g: 252;\n--palette-2-light-3-b: 252;\n--palette-2-light-3-contrast: black;\n--palette-2-light-3-contrast-darker: black;\n--palette-2-light-3-text-color: var(--body-color);\n--palette-3-base: #feca02;\n--palette-3-base-darker: #e5b601;\n--palette-3-base-r: 254;\n--palette-3-base-g: 202;\n--palette-3-base-b: 2;\n--palette-3-base-contrast: black;\n--palette-3-base-contrast-darker: black;\n--palette-3-base-text-color: var(--body-color);\n--palette-3-dark-3: #333129;\n--palette-3-dark-3-darker: #2e2c25;\n--palette-3-dark-3-r: 51;\n--palette-3-dark-3-g: 49;\n--palette-3-dark-3-b: 41;\n--palette-3-dark-3-contrast: white;\n--palette-3-dark-3-contrast-darker: white;\n--palette-3-dark-3-text-color: var(--body-alt-color);\n--palette-3-dark-2: #776b40;\n--palette-3-dark-2-darker: #6b603a;\n--palette-3-dark-2-r: 119;\n--palette-3-dark-2-g: 107;\n--palette-3-dark-2-b: 64;\n--palette-3-dark-2-contrast: white;\n--palette-3-dark-2-contrast-darker: white;\n--palette-3-dark-2-text-color: var(--body-alt-color);\n--palette-3-dark-1: #ba9e33;\n--palette-3-dark-1-darker: #a78e2e;\n--palette-3-dark-1-r: 186;\n--palette-3-dark-1-g: 158;\n--palette-3-dark-1-b: 51;\n--palette-3-dark-1-contrast: white;\n--palette-3-dark-1-contrast-darker: white;\n--palette-3-dark-1-text-color: var(--body-alt-color);\n--palette-3: #feca02;\n--palette-3-darker: #e5b601;\n--palette-3-r: 254;\n--palette-3-g: 202;\n--palette-3-b: 2;\n--palette-3-contrast: black;\n--palette-3-contrast-darker: black;\n--palette-3-text-color: var(--body-color);\n--palette-3-light-1: #feda4e;\n--palette-3-light-1-darker: #fed32d;\n--palette-3-light-1-r: 254;\n--palette-3-light-1-g: 218;\n--palette-3-light-1-b: 78;\n--palette-3-light-1-contrast: black;\n--palette-3-light-1-contrast-darker: black;\n--palette-3-light-1-text-color: var(--body-color);\n--palette-3-light-2: #ffea9a;\n--palette-3-light-2-darker: #ffe171;\n--palette-3-light-2-r: 255;\n--palette-3-light-2-g: 234;\n--palette-3-light-2-b: 154;\n--palette-3-light-2-contrast: black;\n--palette-3-light-2-contrast-darker: black;\n--palette-3-light-2-text-color: var(--body-color);\n--palette-3-light-3: #fffae6;\n--palette-3-light-3-darker: #fff0b5;\n--palette-3-light-3-r: 255;\n--palette-3-light-3-g: 250;\n--palette-3-light-3-b: 230;\n--palette-3-light-3-contrast: black;\n--palette-3-light-3-contrast-darker: black;\n--palette-3-light-3-text-color: var(--body-color);\n--palette-4-base: #488df4;\n--palette-4-base-darker: #2a7af2;\n--palette-4-base-r: 72;\n--palette-4-base-g: 141;\n--palette-4-base-b: 244;\n--palette-4-base-contrast: white;\n--palette-4-base-contrast-darker: white;\n--palette-4-base-text-color: var(--body-alt-color);\n--palette-4-dark-3: #292d33;\n--palette-4-dark-3-darker: #25292e;\n--palette-4-dark-3-r: 41;\n--palette-4-dark-3-g: 45;\n--palette-4-dark-3-b: 51;\n--palette-4-dark-3-contrast: white;\n--palette-4-dark-3-contrast-darker: white;\n--palette-4-dark-3-text-color: var(--body-alt-color);\n--palette-4-dark-2: #495a73;\n--palette-4-dark-2-darker: #425168;\n--palette-4-dark-2-r: 73;\n--palette-4-dark-2-g: 90;\n--palette-4-dark-2-b: 115;\n--palette-4-dark-2-contrast: white;\n--palette-4-dark-2-contrast-darker: white;\n--palette-4-dark-2-text-color: var(--body-alt-color);\n--palette-4-dark-1: #537ab4;\n--palette-4-dark-1-darker: #486da5;\n--palette-4-dark-1-r: 83;\n--palette-4-dark-1-g: 122;\n--palette-4-dark-1-b: 180;\n--palette-4-dark-1-contrast: white;\n--palette-4-dark-1-contrast-darker: white;\n--palette-4-dark-1-text-color: var(--body-alt-color);\n--palette-4: #488df4;\n--palette-4-darker: #2a7af2;\n--palette-4-r: 72;\n--palette-4-g: 141;\n--palette-4-b: 244;\n--palette-4-contrast: white;\n--palette-4-contrast-darker: white;\n--palette-4-text-color: var(--body-alt-color);\n--palette-4-light-1: #7daef7;\n--palette-4-light-1-darker: #5a98f5;\n--palette-4-light-1-r: 125;\n--palette-4-light-1-g: 174;\n--palette-4-light-1-b: 247;\n--palette-4-light-1-contrast: white;\n--palette-4-light-1-contrast-darker: white;\n--palette-4-light-1-text-color: var(--body-alt-color);\n--palette-4-light-2: #b4d0fb;\n--palette-4-light-2-darker: #8bb6f9;\n--palette-4-light-2-r: 180;\n--palette-4-light-2-g: 208;\n--palette-4-light-2-b: 251;\n--palette-4-light-2-contrast: black;\n--palette-4-light-2-contrast-darker: white;\n--palette-4-light-2-text-color: var(--body-color);\n--palette-4-light-3: #ecf3fe;\n--palette-4-light-3-darker: #bdd6fc;\n--palette-4-light-3-r: 236;\n--palette-4-light-3-g: 243;\n--palette-4-light-3-b: 254;\n--palette-4-light-3-contrast: black;\n--palette-4-light-3-contrast-darker: black;\n--palette-4-light-3-text-color: var(--body-color);\n--palette-5-base: #17263c;\n--palette-5-base-darker: #152236;\n--palette-5-base-r: 23;\n--palette-5-base-g: 38;\n--palette-5-base-b: 60;\n--palette-5-base-contrast: white;\n--palette-5-base-contrast-darker: white;\n--palette-5-base-text-color: var(--body-alt-color);\n--palette-5-dark-3: #292d33;\n--palette-5-dark-3-darker: #25292e;\n--palette-5-dark-3-r: 41;\n--palette-5-dark-3-g: 45;\n--palette-5-dark-3-b: 51;\n--palette-5-dark-3-contrast: white;\n--palette-5-dark-3-contrast-darker: white;\n--palette-5-dark-3-text-color: var(--body-alt-color);\n--palette-5-dark-2: #17263c;\n--palette-5-dark-2-darker: #152236;\n--palette-5-dark-2-r: 23;\n--palette-5-dark-2-g: 38;\n--palette-5-dark-2-b: 60;\n--palette-5-dark-2-contrast: white;\n--palette-5-dark-2-contrast-darker: white;\n--palette-5-dark-2-text-color: var(--body-alt-color);\n--palette-5-dark-1: #3f5b84;\n--palette-5-dark-1-darker: #395277;\n--palette-5-dark-1-r: 63;\n--palette-5-dark-1-g: 91;\n--palette-5-dark-1-b: 132;\n--palette-5-dark-1-contrast: white;\n--palette-5-dark-1-contrast-darker: white;\n--palette-5-dark-1-text-color: var(--body-alt-color);\n--palette-5: #7698cb;\n--palette-5-darker: #5f87c2;\n--palette-5-r: 118;\n--palette-5-g: 152;\n--palette-5-b: 203;\n--palette-5-contrast: white;\n--palette-5-contrast-darker: white;\n--palette-5-text-color: var(--body-alt-color);\n--palette-5-light-1: #9ab5db;\n--palette-5-light-1-darker: #7fa1d1;\n--palette-5-light-1-r: 154;\n--palette-5-light-1-g: 181;\n--palette-5-light-1-b: 219;\n--palette-5-light-1-contrast: white;\n--palette-5-light-1-contrast-darker: white;\n--palette-5-light-1-text-color: var(--body-alt-color);\n--palette-5-light-2: #c3d3ea;\n--palette-5-light-2-darker: #a3bcdf;\n--palette-5-light-2-r: 195;\n--palette-5-light-2-g: 211;\n--palette-5-light-2-b: 234;\n--palette-5-light-2-contrast: black;\n--palette-5-light-2-contrast-darker: white;\n--palette-5-light-2-text-color: var(--body-color);\n--palette-5-light-3: #eff4fa;\n--palette-5-light-3-darker: #cadaee;\n--palette-5-light-3-r: 239;\n--palette-5-light-3-g: 244;\n--palette-5-light-3-b: 250;\n--palette-5-light-3-contrast: black;\n--palette-5-light-3-contrast-darker: black;\n--palette-5-light-3-text-color: var(--body-color);\n--grey-40: #999999;\n--grey-40-darker: #8a8a8a;\n--grey-40-r: 153;\n--grey-40-g: 153;\n--grey-40-b: 153;\n--grey-40-contrast: white;\n--grey-40-contrast-darker: white;\n--grey-40-text-color: var(--body-alt-color);\n--grey-30: #b3b3b3;\n--grey-30-darker: #a1a1a1;\n--grey-30-r: 179;\n--grey-30-g: 179;\n--grey-30-b: 179;\n--grey-30-contrast: white;\n--grey-30-contrast-darker: white;\n--grey-30-text-color: var(--body-alt-color);\n--grey-25: #c0c0c0;\n--grey-25-darker: #adadad;\n--grey-25-r: 192;\n--grey-25-g: 192;\n--grey-25-b: 192;\n--grey-25-contrast: black;\n--grey-25-contrast-darker: white;\n--grey-25-text-color: var(--body-color);\n--white: #ffffff;\n--white-darker: #e6e6e6;\n--white-r: 255;\n--white-g: 255;\n--white-b: 255;\n--white-contrast: black;\n--white-contrast-darker: black;\n--white-text-color: var(--body-color);\n--grey-15: #d9d9d9;\n--grey-15-darker: #c3c3c3;\n--grey-15-r: 217;\n--grey-15-g: 217;\n--grey-15-b: 217;\n--grey-15-contrast: black;\n--grey-15-contrast-darker: black;\n--grey-15-text-color: var(--body-color);\n--grey-10: #e5e5e5;\n--grey-10-darker: #cecece;\n--grey-10-r: 229;\n--grey-10-g: 229;\n--grey-10-b: 229;\n--grey-10-contrast: black;\n--grey-10-contrast-darker: black;\n--grey-10-text-color: var(--body-color);\n--grey-5: #f2f2f2;\n--grey-5-darker: #dadada;\n--grey-5-r: 242;\n--grey-5-g: 242;\n--grey-5-b: 242;\n--grey-5-contrast: black;\n--grey-5-contrast-darker: black;\n--grey-5-text-color: var(--body-color);\n--grey-90: #1a1a1a;\n--grey-90-darker: #171717;\n--grey-90-r: 26;\n--grey-90-g: 26;\n--grey-90-b: 26;\n--grey-90-contrast: white;\n--grey-90-contrast-darker: white;\n--grey-90-text-color: var(--body-alt-color);\n--grey-80: #333333;\n--grey-80-darker: #2e2e2e;\n--grey-80-r: 51;\n--grey-80-g: 51;\n--grey-80-b: 51;\n--grey-80-contrast: white;\n--grey-80-contrast-darker: white;\n--grey-80-text-color: var(--body-alt-color);\n--grey-75: #404040;\n--grey-75-darker: #3a3a3a;\n--grey-75-r: 64;\n--grey-75-g: 64;\n--grey-75-b: 64;\n--grey-75-contrast: white;\n--grey-75-contrast-darker: white;\n--grey-75-text-color: var(--body-alt-color);\n--black: #000000;\n--black-darker: #000000;\n--black-r: 0;\n--black-g: 0;\n--black-b: 0;\n--black-contrast: white;\n--black-contrast-darker: white;\n--black-text-color: var(--body-alt-color);\n--grey-70: #4d4d4d;\n--grey-70-darker: #454545;\n--grey-70-r: 77;\n--grey-70-g: 77;\n--grey-70-b: 77;\n--grey-70-contrast: white;\n--grey-70-contrast-darker: white;\n--grey-70-text-color: var(--body-alt-color);\n--grey-60: #666666;\n--grey-60-darker: #5c5c5c;\n--grey-60-r: 102;\n--grey-60-g: 102;\n--grey-60-b: 102;\n--grey-60-contrast: white;\n--grey-60-contrast-darker: white;\n--grey-60-text-color: var(--body-alt-color);\n--grey-50: #808080;\n--grey-50-darker: #737373;\n--grey-50-r: 128;\n--grey-50-g: 128;\n--grey-50-b: 128;\n--grey-50-contrast: white;\n--grey-50-contrast-darker: white;\n--grey-50-text-color: var(--body-alt-color);\n--grey-dark-3: #212121;\n--grey-dark-3-darker: #1e1e1e;\n--grey-dark-3-r: 33;\n--grey-dark-3-g: 33;\n--grey-dark-3-b: 33;\n--grey-dark-3-contrast: white;\n--grey-dark-3-contrast-darker: white;\n--grey-dark-3-text-color: var(--body-alt-color);\n--grey-dark-2: #333333;\n--grey-dark-2-darker: #2e2e2e;\n--grey-dark-2-r: 51;\n--grey-dark-2-g: 51;\n--grey-dark-2-b: 51;\n--grey-dark-2-contrast: white;\n--grey-dark-2-contrast-darker: white;\n--grey-dark-2-text-color: var(--body-alt-color);\n--grey-dark-1: #454545;\n--grey-dark-1-darker: #3e3e3e;\n--grey-dark-1-r: 69;\n--grey-dark-1-g: 69;\n--grey-dark-1-b: 69;\n--grey-dark-1-contrast: white;\n--grey-dark-1-contrast-darker: white;\n--grey-dark-1-text-color: var(--body-alt-color);\n--grey: #b3b3b3;\n--grey-darker: #a1a1a1;\n--grey-r: 179;\n--grey-g: 179;\n--grey-b: 179;\n--grey-contrast: white;\n--grey-contrast-darker: white;\n--grey-text-color: var(--body-alt-color);\n--grey-light-1: #d9d9d9;\n--grey-light-1-darker: #c3c3c3;\n--grey-light-1-r: 217;\n--grey-light-1-g: 217;\n--grey-light-1-b: 217;\n--grey-light-1-contrast: black;\n--grey-light-1-contrast-darker: black;\n--grey-light-1-text-color: var(--body-color);\n--grey-light-2: #eeeeee;\n--grey-light-2-darker: #d6d6d6;\n--grey-light-2-r: 238;\n--grey-light-2-g: 238;\n--grey-light-2-b: 238;\n--grey-light-2-contrast: black;\n--grey-light-2-contrast-darker: black;\n--grey-light-2-text-color: var(--body-color);\n--grey-light-3: #f6f6f6;\n--grey-light-3-darker: #dddddd;\n--grey-light-3-r: 246;\n--grey-light-3-g: 246;\n--grey-light-3-b: 246;\n--grey-light-3-contrast: black;\n--grey-light-3-contrast-darker: black;\n--grey-light-3-text-color: var(--body-color);\n--color-1-base: #fe7ec9;\n--color-1-base-darker: #fe58b9;\n--color-1-base-r: 254;\n--color-1-base-g: 126;\n--color-1-base-b: 201;\n--color-1-base-contrast: white;\n--color-1-base-contrast-darker: white;\n--color-1-base-text-color: var(--body-alt-color);\n--color-1-dark-3: #33292f;\n--color-1-dark-3-darker: #2e252a;\n--color-1-dark-3-r: 51;\n--color-1-dark-3-g: 41;\n--color-1-dark-3-b: 47;\n--color-1-dark-3-contrast: white;\n--color-1-dark-3-contrast-darker: white;\n--color-1-dark-3-text-color: var(--body-alt-color);\n--color-1-dark-2: #6a485c;\n--color-1-dark-2-darker: #5f4153;\n--color-1-dark-2-r: 106;\n--color-1-dark-2-g: 72;\n--color-1-dark-2-b: 92;\n--color-1-dark-2-contrast: white;\n--color-1-dark-2-contrast-darker: white;\n--color-1-dark-2-text-color: var(--body-alt-color);\n--color-1-dark-1: #a15a84;\n--color-1-dark-1-darker: #915177;\n--color-1-dark-1-r: 161;\n--color-1-dark-1-g: 90;\n--color-1-dark-1-b: 132;\n--color-1-dark-1-contrast: white;\n--color-1-dark-1-contrast-darker: white;\n--color-1-dark-1-text-color: var(--body-alt-color);\n--color-1: #d75fa6;\n--color-1-darker: #d14698;\n--color-1-r: 215;\n--color-1-g: 95;\n--color-1-b: 166;\n--color-1-contrast: white;\n--color-1-contrast-darker: white;\n--color-1-text-color: var(--body-alt-color);\n--color-1-light-1: #fe7ec9;\n--color-1-light-1-darker: #fe58b9;\n--color-1-light-1-r: 254;\n--color-1-light-1-g: 126;\n--color-1-light-1-b: 201;\n--color-1-light-1-contrast: white;\n--color-1-light-1-contrast-darker: white;\n--color-1-light-1-text-color: var(--body-alt-color);\n--color-1-light-2: #feb8e1;\n--color-1-light-2-darker: #fd8dcf;\n--color-1-light-2-r: 254;\n--color-1-light-2-g: 184;\n--color-1-light-2-b: 225;\n--color-1-light-2-contrast: black;\n--color-1-light-2-contrast-darker: white;\n--color-1-light-2-text-color: var(--body-color);\n--color-1-light-3: #fff2fa;\n--color-1-light-3-darker: #ffc0e7;\n--color-1-light-3-r: 255;\n--color-1-light-3-g: 242;\n--color-1-light-3-b: 250;\n--color-1-light-3-contrast: black;\n--color-1-light-3-contrast-darker: black;\n--color-1-light-3-text-color: var(--body-color);\n--color-2-base: #38c4c1;\n--color-2-base-darker: #32b0ae;\n--color-2-base-r: 56;\n--color-2-base-g: 196;\n--color-2-base-b: 193;\n--color-2-base-contrast: white;\n--color-2-base-contrast-darker: white;\n--color-2-base-text-color: var(--body-alt-color);\n--color-2-dark-3: #293333;\n--color-2-dark-3-darker: #252e2e;\n--color-2-dark-3-r: 41;\n--color-2-dark-3-g: 51;\n--color-2-dark-3-b: 51;\n--color-2-dark-3-contrast: white;\n--color-2-dark-3-contrast-darker: white;\n--color-2-dark-3-text-color: var(--body-alt-color);\n--color-2-dark-2: #437c7a;\n--color-2-dark-2-darker: #3c706e;\n--color-2-dark-2-r: 67;\n--color-2-dark-2-g: 124;\n--color-2-dark-2-b: 122;\n--color-2-dark-2-contrast: white;\n--color-2-dark-2-contrast-darker: white;\n--color-2-dark-2-text-color: var(--body-alt-color);\n--color-2-dark-1: #38c4c1;\n--color-2-dark-1-darker: #32b0ae;\n--color-2-dark-1-r: 56;\n--color-2-dark-1-g: 196;\n--color-2-dark-1-b: 193;\n--color-2-dark-1-contrast: white;\n--color-2-dark-1-contrast-darker: white;\n--color-2-dark-1-text-color: var(--body-alt-color);\n--color-2: #4ae2df;\n--color-2-darker: #30deda;\n--color-2-r: 74;\n--color-2-g: 226;\n--color-2-b: 223;\n--color-2-contrast: black;\n--color-2-contrast-darker: black;\n--color-2-text-color: var(--body-color);\n--color-2-light-1: #7cebe8;\n--color-2-light-1-darker: #5de6e3;\n--color-2-light-1-r: 124;\n--color-2-light-1-g: 235;\n--color-2-light-1-b: 232;\n--color-2-light-1-contrast: black;\n--color-2-light-1-contrast-darker: black;\n--color-2-light-1-text-color: var(--body-color);\n--color-2-light-2: #b2f3f2;\n--color-2-light-2-darker: #8eedec;\n--color-2-light-2-r: 178;\n--color-2-light-2-g: 243;\n--color-2-light-2-b: 242;\n--color-2-light-2-contrast: black;\n--color-2-light-2-contrast-darker: black;\n--color-2-light-2-text-color: var(--body-color);\n--color-2-light-3: #ebfcfc;\n--color-2-light-3-darker: #c1f6f6;\n--color-2-light-3-r: 235;\n--color-2-light-3-g: 252;\n--color-2-light-3-b: 252;\n--color-2-light-3-contrast: black;\n--color-2-light-3-contrast-darker: black;\n--color-2-light-3-text-color: var(--body-color);\n--color-3-base: #feca02;\n--color-3-base-darker: #e5b601;\n--color-3-base-r: 254;\n--color-3-base-g: 202;\n--color-3-base-b: 2;\n--color-3-base-contrast: black;\n--color-3-base-contrast-darker: black;\n--color-3-base-text-color: var(--body-color);\n--color-3-dark-3: #333129;\n--color-3-dark-3-darker: #2e2c25;\n--color-3-dark-3-r: 51;\n--color-3-dark-3-g: 49;\n--color-3-dark-3-b: 41;\n--color-3-dark-3-contrast: white;\n--color-3-dark-3-contrast-darker: white;\n--color-3-dark-3-text-color: var(--body-alt-color);\n--color-3-dark-2: #776b40;\n--color-3-dark-2-darker: #6b603a;\n--color-3-dark-2-r: 119;\n--color-3-dark-2-g: 107;\n--color-3-dark-2-b: 64;\n--color-3-dark-2-contrast: white;\n--color-3-dark-2-contrast-darker: white;\n--color-3-dark-2-text-color: var(--body-alt-color);\n--color-3-dark-1: #ba9e33;\n--color-3-dark-1-darker: #a78e2e;\n--color-3-dark-1-r: 186;\n--color-3-dark-1-g: 158;\n--color-3-dark-1-b: 51;\n--color-3-dark-1-contrast: white;\n--color-3-dark-1-contrast-darker: white;\n--color-3-dark-1-text-color: var(--body-alt-color);\n--color-3: #feca02;\n--color-3-darker: #e5b601;\n--color-3-r: 254;\n--color-3-g: 202;\n--color-3-b: 2;\n--color-3-contrast: black;\n--color-3-contrast-darker: black;\n--color-3-text-color: var(--body-color);\n--color-3-light-1: #feda4e;\n--color-3-light-1-darker: #fed32d;\n--color-3-light-1-r: 254;\n--color-3-light-1-g: 218;\n--color-3-light-1-b: 78;\n--color-3-light-1-contrast: black;\n--color-3-light-1-contrast-darker: black;\n--color-3-light-1-text-color: var(--body-color);\n--color-3-light-2: #ffea9a;\n--color-3-light-2-darker: #ffe171;\n--color-3-light-2-r: 255;\n--color-3-light-2-g: 234;\n--color-3-light-2-b: 154;\n--color-3-light-2-contrast: black;\n--color-3-light-2-contrast-darker: black;\n--color-3-light-2-text-color: var(--body-color);\n--color-3-light-3: #fffae6;\n--color-3-light-3-darker: #fff0b5;\n--color-3-light-3-r: 255;\n--color-3-light-3-g: 250;\n--color-3-light-3-b: 230;\n--color-3-light-3-contrast: black;\n--color-3-light-3-contrast-darker: black;\n--color-3-light-3-text-color: var(--body-color);\n--color-4-base: #488df4;\n--color-4-base-darker: #2a7af2;\n--color-4-base-r: 72;\n--color-4-base-g: 141;\n--color-4-base-b: 244;\n--color-4-base-contrast: white;\n--color-4-base-contrast-darker: white;\n--color-4-base-text-color: var(--body-alt-color);\n--color-4-dark-3: #292d33;\n--color-4-dark-3-darker: #25292e;\n--color-4-dark-3-r: 41;\n--color-4-dark-3-g: 45;\n--color-4-dark-3-b: 51;\n--color-4-dark-3-contrast: white;\n--color-4-dark-3-contrast-darker: white;\n--color-4-dark-3-text-color: var(--body-alt-color);\n--color-4-dark-2: #495a73;\n--color-4-dark-2-darker: #425168;\n--color-4-dark-2-r: 73;\n--color-4-dark-2-g: 90;\n--color-4-dark-2-b: 115;\n--color-4-dark-2-contrast: white;\n--color-4-dark-2-contrast-darker: white;\n--color-4-dark-2-text-color: var(--body-alt-color);\n--color-4-dark-1: #537ab4;\n--color-4-dark-1-darker: #486da5;\n--color-4-dark-1-r: 83;\n--color-4-dark-1-g: 122;\n--color-4-dark-1-b: 180;\n--color-4-dark-1-contrast: white;\n--color-4-dark-1-contrast-darker: white;\n--color-4-dark-1-text-color: var(--body-alt-color);\n--color-4: #488df4;\n--color-4-darker: #2a7af2;\n--color-4-r: 72;\n--color-4-g: 141;\n--color-4-b: 244;\n--color-4-contrast: white;\n--color-4-contrast-darker: white;\n--color-4-text-color: var(--body-alt-color);\n--color-4-light-1: #7daef7;\n--color-4-light-1-darker: #5a98f5;\n--color-4-light-1-r: 125;\n--color-4-light-1-g: 174;\n--color-4-light-1-b: 247;\n--color-4-light-1-contrast: white;\n--color-4-light-1-contrast-darker: white;\n--color-4-light-1-text-color: var(--body-alt-color);\n--color-4-light-2: #b4d0fb;\n--color-4-light-2-darker: #8bb6f9;\n--color-4-light-2-r: 180;\n--color-4-light-2-g: 208;\n--color-4-light-2-b: 251;\n--color-4-light-2-contrast: black;\n--color-4-light-2-contrast-darker: white;\n--color-4-light-2-text-color: var(--body-color);\n--color-4-light-3: #ecf3fe;\n--color-4-light-3-darker: #bdd6fc;\n--color-4-light-3-r: 236;\n--color-4-light-3-g: 243;\n--color-4-light-3-b: 254;\n--color-4-light-3-contrast: black;\n--color-4-light-3-contrast-darker: black;\n--color-4-light-3-text-color: var(--body-color);\n--color-5-base: #17263c;\n--color-5-base-darker: #152236;\n--color-5-base-r: 23;\n--color-5-base-g: 38;\n--color-5-base-b: 60;\n--color-5-base-contrast: white;\n--color-5-base-contrast-darker: white;\n--color-5-base-text-color: var(--body-alt-color);\n--color-5-dark-3: #292d33;\n--color-5-dark-3-darker: #25292e;\n--color-5-dark-3-r: 41;\n--color-5-dark-3-g: 45;\n--color-5-dark-3-b: 51;\n--color-5-dark-3-contrast: white;\n--color-5-dark-3-contrast-darker: white;\n--color-5-dark-3-text-color: var(--body-alt-color);\n--color-5-dark-2: #17263c;\n--color-5-dark-2-darker: #152236;\n--color-5-dark-2-r: 23;\n--color-5-dark-2-g: 38;\n--color-5-dark-2-b: 60;\n--color-5-dark-2-contrast: white;\n--color-5-dark-2-contrast-darker: white;\n--color-5-dark-2-text-color: var(--body-alt-color);\n--color-5-dark-1: #3f5b84;\n--color-5-dark-1-darker: #395277;\n--color-5-dark-1-r: 63;\n--color-5-dark-1-g: 91;\n--color-5-dark-1-b: 132;\n--color-5-dark-1-contrast: white;\n--color-5-dark-1-contrast-darker: white;\n--color-5-dark-1-text-color: var(--body-alt-color);\n--color-5: #7698cb;\n--color-5-darker: #5f87c2;\n--color-5-r: 118;\n--color-5-g: 152;\n--color-5-b: 203;\n--color-5-contrast: white;\n--color-5-contrast-darker: white;\n--color-5-text-color: var(--body-alt-color);\n--color-5-light-1: #9ab5db;\n--color-5-light-1-darker: #7fa1d1;\n--color-5-light-1-r: 154;\n--color-5-light-1-g: 181;\n--color-5-light-1-b: 219;\n--color-5-light-1-contrast: white;\n--color-5-light-1-contrast-darker: white;\n--color-5-light-1-text-color: var(--body-alt-color);\n--color-5-light-2: #c3d3ea;\n--color-5-light-2-darker: #a3bcdf;\n--color-5-light-2-r: 195;\n--color-5-light-2-g: 211;\n--color-5-light-2-b: 234;\n--color-5-light-2-contrast: black;\n--color-5-light-2-contrast-darker: white;\n--color-5-light-2-text-color: var(--body-color);\n--color-5-light-3: #eff4fa;\n--color-5-light-3-darker: #cadaee;\n--color-5-light-3-r: 239;\n--color-5-light-3-g: 244;\n--color-5-light-3-b: 250;\n--color-5-light-3-contrast: black;\n--color-5-light-3-contrast-darker: black;\n--color-5-light-3-text-color: var(--body-color);\n--white-contrast: var(--body-color);\n--shading-contrast: var(--body-alt-color);\n--bg-contrast: var(--body-color);\n}.u-custom-color-1,\n        .u-body.u-custom-color-1,\n        .u-container-style.u-custom-color-1:before,\n        .u-container-layout.u-custom-color-1:before,\n        .u-table-alt-custom-color-1 tr:nth-child(even)\n        {\n            color: var(--custom-color-1-text-color);\n            background-color: var(--custom-color-1);\n        }\n\n        .u-button-style.u-custom-color-1,\n        .u-button-style.u-custom-color-1[class*=\"u-border-\"]\n        {\n            color: var(--custom-color-1-text-color) !important;\n            background-color: var(--custom-color-1) !important;\n        }\n\n        .u-button-style.u-custom-color-1:hover,\n        .u-button-style.u-custom-color-1[class*=\"u-border-\"]:hover,\n        .u-button-style.u-custom-color-1:focus,\n        .u-button-style.u-custom-color-1[class*=\"u-border-\"]:focus,\n        .u-button-style.u-button-style.u-custom-color-1:active,\n        .u-button-style.u-button-style.u-custom-color-1[class*=\"u-border-\"]:active,\n        .u-button-style.u-button-style.u-custom-color-1.active,\n        .u-button-style.u-button-style.u-custom-color-1[class*=\"u-border-\"].active,\n        li.active > .u-button-style.u-button-style.u-custom-color-1,\n        li.active > .u-button-style.u-button-style.u-custom-color-1[class*=\"u-border-\"]\n        {\n            color: var(--custom-color-1-text-color) !important;\n            background-color: var(--custom-color-1-darker) !important;\n        }\n\n        .u-hover-custom-color-1:hover,\n        .u-hover-custom-color-1[class*=\"u-border-\"]:hover,\n        .u-hover-custom-color-1:focus,\n        .u-hover-custom-color-1[class*=\"u-border-\"]:focus,\n        .u-active-custom-color-1.u-active.u-active,\n        .u-active-custom-color-1[class*=\"u-border-\"].u-active.u-active,\n        a.u-button-style.u-hover-custom-color-1:hover,\n        a.u-button-style.u-hover-custom-color-1[class*=\"u-border-\"]:hover,\n        a.u-button-style:hover > .u-hover-custom-color-1,\n        a.u-button-style:hover > .u-hover-custom-color-1[class*=\"u-border-\"],\n        a.u-button-style.u-hover-custom-color-1:focus,\n        a.u-button-style.u-hover-custom-color-1[class*=\"u-border-\"]:focus,\n        a.u-button-style.u-button-style.u-active-custom-color-1:active,\n        a.u-button-style.u-button-style.u-active-custom-color-1[class*=\"u-border-\"]:active,\n        a.u-button-style.u-button-style.u-active-custom-color-1.active,\n        a.u-button-style.u-button-style.u-active-custom-color-1[class*=\"u-border-\"].active,\n        a.u-button-style.u-button-style.active > .u-active-custom-color-1,\n        a.u-button-style.u-button-style.active > .u-active-custom-color-1[class*=\"u-border-\"],\n        li.active > a.u-button-style.u-button-style.u-active-custom-color-1,\n        li.active > a.u-button-style.u-button-style.u-active-custom-color-1[class*=\"u-border-\"]\n        {\n            color: var(--custom-color-1-text-color) !important;\n            background-color: var(--custom-color-1) !important;\n        }\n\n        a.u-link.u-hover-custom-color-1:hover {\n            color: var(--custom-color-1) !important;\n        }\n\n        \n\n        \n        .u-border-custom-color-1,\n        .u-separator-custom-color-1:after\n        {\n            border-color: var(--custom-color-1);\n            stroke: var(--custom-color-1);\n        }\n\n        .u-button-style.u-border-custom-color-1\n        {\n            border-color: var(--custom-color-1) !important;\n            color: var(--custom-color-1) !important;\n            background-color: transparent !important;\n        }\n\n        .u-button-style.u-border-custom-color-1:hover,\n        .u-button-style.u-border-custom-color-1:focus\n        {\n            border-color: transparent !important;\n            color: var(--custom-color-1-darker) !important;\n            background-color: transparent !important;\n        }\n\n        .u-border-hover-custom-color-1:hover,\n        .u-border-hover-custom-color-1:focus,\n        .u-border-active-custom-color-1.u-active.u-active,\n        a.u-button-style.u-border-hover-custom-color-1:hover,\n        a.u-button-style:hover > .u-border-hover-custom-color-1,\n        a.u-button-style.u-border-hover-custom-color-1:focus,\n        a.u-button-style.u-button-style.u-border-active-custom-color-1:active,\n        a.u-button-style.u-button-style.u-border-active-custom-color-1.active,\n        a.u-button-style.u-button-style.active > .u-border-active-custom-color-1,\n        li.active > a.u-button-style.u-button-style.u-border-active-custom-color-1\n        {\n            color: var(--custom-color-1) !important;\n            border-color: var(--custom-color-1) !important;\n        }\n\n        .u-link.u-border-custom-color-1[class*=\"u-border-\"]\n        {\n            border-color: var(--custom-color-1) !important;\n        }\n\n        .u-link.u-border-custom-color-1[class*=\"u-border-\"]:hover\n        {\n            border-color: var(--custom-color-1-darker) !important;\n        }\n        \n\n        \n        .u-text-custom-color-1,\n        a.u-button-style.u-text-custom-color-1,\n        a.u-button-style.u-text-custom-color-1[class*=\"u-border-\"]\n        {\n            color: var(--custom-color-1) !important;\n        }\n\n        a.u-button-style.u-text-custom-color-1:hover,\n        a.u-button-style.u-text-custom-color-1[class*=\"u-border-\"]:hover,\n        a.u-button-style.u-text-custom-color-1:focus,\n        a.u-button-style.u-text-custom-color-1[class*=\"u-border-\"]:focus,\n        a.u-button-style.u-button-style.u-text-custom-color-1:active,\n        a.u-button-style.u-button-style.u-text-custom-color-1[class*=\"u-border-\"]:active,\n        a.u-button-style.u-button-style.u-text-custom-color-1.active,\n        a.u-button-style.u-button-style.u-text-custom-color-1[class*=\"u-border-\"].active\n        {\n            color: var(--custom-color-1-darker) !important;\n        }\n\n        a.u-button-style:hover > .u-text-hover-custom-color-1,\n        a.u-button-style:hover > .u-text-hover-custom-color-1[class*=\"u-border-\"],\n        a.u-button-style.u-button-style.u-text-hover-custom-color-1:hover,\n        a.u-button-style.u-button-style.u-text-hover-custom-color-1[class*=\"u-border-\"]:hover,\n        a.u-button-style.u-button-style.u-button-style.u-text-hover-custom-color-1.active,\n        a.u-button-style.u-button-style.u-button-style.u-text-hover-custom-color-1[class*=\"u-border-\"].active,\n        a.u-button-style.u-button-style.u-button-style.u-text-hover-custom-color-1:active,\n        a.u-button-style.u-button-style.u-button-style.u-text-hover-custom-color-1[class*=\"u-border-\"]:active,\n        a.u-button-style.u-button-style.u-text-hover-custom-color-1:focus,\n        a.u-button-style.u-button-style.u-text-hover-custom-color-1[class*=\"u-border-\"]:focus,\n        a.u-button-style.u-button-style.u-button-style.u-button-style.u-text-active-custom-color-1:active,\n        a.u-button-style.u-button-style.u-button-style.u-button-style.u-text-active-custom-color-1[class*=\"u-border-\"]:active,\n        a.u-button-style.u-button-style.u-button-style.u-button-style.u-text-active-custom-color-1.active,\n        a.u-button-style.u-button-style.u-button-style.u-button-style.u-text-active-custom-color-1[class*=\"u-border-\"].active,\n        a.u-button-style.u-button-style.active > .u-text-active-custom-color-1,\n        a.u-button-style.u-button-style.active > .u-text-active-custom-color-1[class*=\"u-border-\"],\n        :not(.level-2) > .u-nav > .u-nav-item > a.u-nav-link.u-text-hover-custom-color-1:hover,\n        :not(.level-2) > .u-nav > .u-nav-item > a.u-nav-link.u-nav-link.u-text-active-custom-color-1.active,\n        .u-popupmenu-items.u-text-hover-custom-color-1 .u-nav-link:hover,\n        .u-popupmenu-items.u-popupmenu-items.u-text-active-custom-color-1 .u-nav-link.active\n        {\n            color: var(--custom-color-1) !important;\n        }\n\n        .u-text-custom-color-1 .u-svg-link,\n        .u-text-hover-custom-color-1:hover .u-svg-link,\n        .u-button-style:hover > .u-text-hover-custom-color-1 .u-svg-link,\n        .u-button-style.u-button-style.active > .u-text-active-custom-color-1 .u-svg-link,\n        .u-text-hover-custom-color-1:focus .u-svg-link\n        {\n            fill: var(--custom-color-1);\n        }\n\n        .u-link.u-text-custom-color-1:hover\n        {\n            color: var(--custom-color-1-darker) !important;\n        }\n\n        a.u-link.u-text-hover-custom-color-1:hover\n        {\n            color: var(--custom-color-1) !important;\n        }</style><style id=\"typography\" typography=\"custom-page-typography-6\">\n        .u-body\n        {\n        --title-font-weight: 700;\n        --title-line-height: 1.1;\n        --title-font-size: 6rem;\n        --title-margin-top: 20px;\n        --title-margin-bottom: 20px;\n        --subtitle-font-weight: 700;\n        --subtitle-line-height: 1.2;\n        --subtitle-font-size: 2.25rem;\n        --subtitle-margin-top: 20px;\n        --subtitle-margin-bottom: 20px;\n        --h1-font-weight: 700;\n        --h1-line-height: 1.1;\n        --h1-font-size: 3.75rem;\n        --h1-margin-top: 20px;\n        --h1-margin-bottom: 20px;\n        --h2-font-weight: 700;\n        --h2-line-height: 1.2;\n        --h2-font-size: 2.25rem;\n        --h2-margin-top: 20px;\n        --h2-margin-bottom: 20px;\n        --h3-font-weight: 700;\n        --h3-line-height: 1.2;\n        --h3-font-size: 1.875rem;\n        --h3-margin-top: 20px;\n        --h3-margin-bottom: 20px;\n        --h4-line-height: 1.2;\n        --h4-font-size: 1.5rem;\n        --h4-margin-top: 20px;\n        --h4-margin-bottom: 20px;\n        --h4-text-transform: uppercase;\n        --h4-letter-spacing: 1px;\n        --h4-font-weight: 300;\n        --h4-color: var(--grey-50);\n        --h4-alt-text-color: var(--white);\n        --h5-font-weight: 700;\n        --h5-line-height: 1.2;\n        --h5-font-size: 1.25rem;\n        --h5-margin-top: 20px;\n        --h5-margin-bottom: 20px;\n        --h6-line-height: 1.2;\n        --h6-font-size: 0.875rem;\n        --h6-margin-top: 20px;\n        --h6-margin-bottom: 20px;\n        --h6-text-transform: uppercase;\n        --h6-letter-spacing: 1px;\n        --h6-font-weight: bold;\n        --largeText-font-weight: 400;\n        --largeText-line-height: 1.6;\n        --largeText-font-size: 1rem;\n        --largeText-margin-top: 20px;\n        --largeText-margin-bottom: 20px;\n        --text-font-weight: 400;\n        --text-line-height: 1.7;\n        --text-font-size: 1.125rem;\n        --text-margin-top: 20px;\n        --text-margin-bottom: 20px;\n        --smallText-font-weight: 400;\n        --smallText-line-height: 1.6;\n        --smallText-font-size: 0.875rem;\n        --smallText-margin-top: 20px;\n        --smallText-margin-bottom: 20px;\n        --button-letter-spacing: 1px;\n        --button-font-size: 1rem;\n        --button-line-height: 1.4;\n        --button-margin-top: 20px;\n        --button-margin-bottom: 20px;\n        --button-text-transform: uppercase;\n        --button-font-weight: 600;\n        --button-background-color: var(--palette-1-base);\n        --button-color: var(--white);\n        --button-alt-background-color: var(--palette-1-light-2);\n        --button-alt-color: var(--black);\n        --button-hover-background-color: var(--palette-1-base-darker);\n        --button-hover-color: var(--white-darker);\n        --button-hover-alt-background-color: var(--palette-1-light-2-darker);\n        --button-hover-alt-color: var(--white);\n        --button-hover-background-color: var(--palette-1-base-darker);\n        --button-hover-color: var(--white-darker);\n        --button-hover-alt-background-color: var(--palette-1-light-2-darker);\n        --button-hover-alt-color: var(--white);\n        --button-active-background-color: var(--palette-1-base-darker);\n        --button-active-color: var(--white-darker);\n        --button-active-alt-background-color: var(--palette-1-light-2-darker);\n        --button-active-alt-color: var(--white);\n        --blockquote-font-style: italic;\n        --blockquote-line-height: 1.6;\n        --blockquote-font-size: 1.25rem;\n        --blockquote-padding-left: 20px;\n        --blockquote-border-width: 4px;\n        --blockquote-border-color: var(--palette-1-base);\n        --blockquote-margin-top: 20px;\n        --blockquote-margin-bottom: 20px;\n        --metadata-font-size: 0.75rem;\n        --metadata-line-height: 1.4;\n        --metadata-margin-top: 20px;\n        --metadata-margin-bottom: 20px;\n        --list-margin-top: 20px;\n        --list-margin-bottom: 20px;\n        --orderedlist-margin-top: 20px;\n        --orderedlist-margin-bottom: 20px;\n        --postContent-margin-top: 20px;\n        --postContent-margin-bottom: 20px;\n        --hyperlink-color: var(--palette-1-base);\n        --hyperlink-alt-text-color: var(--palette-1-light-2);\n        --hyperlink-hover-color: var(--palette-1-base-darker);\n        --hyperlink-hover-alt-text-color: var(--grey-30-darker);\n        }\n\n        /** common-rules **/\n        h1.u-title\n        {\n        font-weight: var(--title-font-weight);\n        line-height: var(--title-line-height);\n        font-size: var(--title-font-size);\n        margin-top: var(--title-margin-top);\n        margin-bottom: var(--title-margin-bottom);\n        }\n        h2.u-subtitle\n        {\n        font-weight: var(--subtitle-font-weight);\n        line-height: var(--subtitle-line-height);\n        font-size: var(--subtitle-font-size);\n        margin-top: var(--subtitle-margin-top);\n        margin-bottom: var(--subtitle-margin-bottom);\n        }\n        h1:not(.u-title)\n        {\n        font-weight: var(--h1-font-weight);\n        line-height: var(--h1-line-height);\n        font-size: var(--h1-font-size);\n        margin-top: var(--h1-margin-top);\n        margin-bottom: var(--h1-margin-bottom);\n        }\n        h2:not(.u-subtitle)\n        {\n        font-weight: var(--h2-font-weight);\n        line-height: var(--h2-line-height);\n        font-size: var(--h2-font-size);\n        margin-top: var(--h2-margin-top);\n        margin-bottom: var(--h2-margin-bottom);\n        }\n        h3\n        {\n        font-weight: var(--h3-font-weight);\n        line-height: var(--h3-line-height);\n        font-size: var(--h3-font-size);\n        margin-top: var(--h3-margin-top);\n        margin-bottom: var(--h3-margin-bottom);\n        }\n        h4\n        {\n        line-height: var(--h4-line-height);\n        font-size: var(--h4-font-size);\n        margin-top: var(--h4-margin-top);\n        margin-bottom: var(--h4-margin-bottom);\n        text-transform: var(--h4-text-transform);\n        letter-spacing: var(--h4-letter-spacing);\n        font-weight: var(--h4-font-weight);\n        }\n        h5\n        {\n        font-weight: var(--h5-font-weight);\n        line-height: var(--h5-line-height);\n        font-size: var(--h5-font-size);\n        margin-top: var(--h5-margin-top);\n        margin-bottom: var(--h5-margin-bottom);\n        }\n        h6\n        {\n        line-height: var(--h6-line-height);\n        font-size: var(--h6-font-size);\n        margin-top: var(--h6-margin-top);\n        margin-bottom: var(--h6-margin-bottom);\n        text-transform: var(--h6-text-transform);\n        letter-spacing: var(--h6-letter-spacing);\n        font-weight: var(--h6-font-weight);\n        }\n        p.u-large-text\n        {\n        font-weight: var(--largeText-font-weight);\n        line-height: var(--largeText-line-height);\n        font-size: var(--largeText-font-size);\n        margin-top: var(--largeText-margin-top);\n        margin-bottom: var(--largeText-margin-bottom);\n        }\n        p:not(.u-text-variant)\n        {\n        font-weight: var(--text-font-weight);\n        line-height: var(--text-line-height);\n        font-size: var(--text-font-size);\n        margin-top: var(--text-margin-top);\n        margin-bottom: var(--text-margin-bottom);\n        }\n        p.u-small-text\n        {\n        font-weight: var(--smallText-font-weight);\n        line-height: var(--smallText-line-height);\n        font-size: var(--smallText-font-size);\n        margin-top: var(--smallText-margin-top);\n        margin-bottom: var(--smallText-margin-bottom);\n        }\n        .u-btn\n        {\n        letter-spacing: var(--button-letter-spacing);\n        font-size: var(--button-font-size);\n        line-height: var(--button-line-height);\n        margin-top: var(--button-margin-top);\n        margin-bottom: var(--button-margin-bottom);\n        text-transform: var(--button-text-transform);\n        font-weight: var(--button-font-weight);\n        }\n        blockquote\n        {\n        font-style: var(--blockquote-font-style);\n        line-height: var(--blockquote-line-height);\n        font-size: var(--blockquote-font-size);\n        padding-left: var(--blockquote-padding-left);\n        border-width: var(--blockquote-border-width);\n        margin-top: var(--blockquote-margin-top);\n        margin-bottom: var(--blockquote-margin-bottom);\n        }\n        .u-metadata\n        {\n        font-size: var(--metadata-font-size);\n        line-height: var(--metadata-line-height);\n        margin-top: var(--metadata-margin-top);\n        margin-bottom: var(--metadata-margin-bottom);\n        }\n        ul:not(.u-unstyled)\n        {\n        margin-top: var(--list-margin-top);\n        margin-bottom: var(--list-margin-bottom);\n        }\n        ol\n        {\n        margin-top: var(--orderedlist-margin-top);\n        margin-bottom: var(--orderedlist-margin-bottom);\n        }\n        .u-post-content\n        {\n        margin-top: var(--postContent-margin-top);\n        margin-bottom: var(--postContent-margin-bottom);\n        }\n        /** common-rules **/\n\n        /** publish-rules **/\n        /*begin-media rules*/\n        /*end-media rules*/\n        /** publish-rules **/\n\n        \n\n        /** cms-rules **/\n        /*begin-responsive rules*/\n        /*end-responsive rules*/\n        /** cms-rules **/\n\n        /** color-rules **/\n        .u-overlap.u-overlap-transparent:not(.u-overlap-contrast) .u-header :not(.u-nav-item) > h4,\n        .u-gradient > .u-container-layout > h4,\n        .u-image:not(.u-shading) > .u-container-layout > h4,\n        h4\n        {\n        color: var(--h4-color);\n        }\n        .u-overlap.u-overlap-transparent:not(.u-overlap-contrast) .u-header :not(.u-nav-item) > .u-btn,\n        .u-gradient > .u-container-layout > .u-btn,\n        .u-image:not(.u-shading) > .u-container-layout > .u-btn,\n        .u-btn\n        {\n        background-color: var(--button-background-color);\n        color: var(--button-color);\n        }\n        .u-overlap.u-overlap-transparent:not(.u-overlap-contrast) .u-header :not(.u-nav-item) > .u-btn:hover,\n        .u-gradient > .u-container-layout > .u-btn:hover,\n        .u-image:not(.u-shading) > .u-container-layout > .u-btn:hover,\n        .u-btn:hover\n        {\n        background-color: var(--button-hover-background-color);\n        color: var(--button-hover-color);\n        }\n        .u-overlap.u-overlap-transparent:not(.u-overlap-contrast) .u-header :not(.u-nav-item) > .u-btn:focus,\n        .u-gradient > .u-container-layout > .u-btn:focus,\n        .u-image:not(.u-shading) > .u-container-layout > .u-btn:focus,\n        .u-btn:focus\n        {\n        background-color: var(--button-hover-background-color);\n        color: var(--button-hover-color);\n        }\n        .u-overlap.u-overlap-transparent:not(.u-overlap-contrast) .u-header :not(.u-nav-item) > .u-btn:active,\n        .u-gradient > .u-container-layout > .u-btn:active,\n        .u-image:not(.u-shading) > .u-container-layout > .u-btn:active,\n        .u-btn:active\n        {\n        background-color: var(--button-active-background-color);\n        color: var(--button-active-color);\n        }\n        .u-overlap.u-overlap-transparent:not(.u-overlap-contrast) .u-header :not(.u-nav-item) > blockquote,\n        .u-gradient > .u-container-layout > blockquote,\n        .u-image:not(.u-shading) > .u-container-layout > blockquote,\n        blockquote\n        {\n        border-color: var(--blockquote-border-color);\n        }\n        .u-overlap.u-overlap-transparent:not(.u-overlap-contrast) .u-header :not(.u-nav-item) > a,\n        .u-gradient > .u-container-layout > a,\n        .u-image:not(.u-shading) > .u-container-layout > a,\n        a\n        {\n        color: var(--hyperlink-color);\n        }\n        .u-overlap.u-overlap-transparent:not(.u-overlap-contrast) .u-header :not(.u-nav-item) > a:hover,\n        .u-gradient > .u-container-layout > a:hover,\n        .u-image:not(.u-shading) > .u-container-layout > a:hover,\n        a:hover\n        {\n        color: var(--hyperlink-hover-color);\n        }\n        /** color-rules **/\n\n        /** alt-color-rules **/\n        .u-custom-color-1 h4,.u-body-color h4,.u-palette-1-base h4,.u-palette-1-dark-3 h4,.u-palette-1-dark-2 h4,.u-palette-1-dark-1 h4,.u-palette-1 h4,.u-palette-1-light-1 h4,.u-palette-2-base h4,.u-palette-2-dark-3 h4,.u-palette-2-dark-2 h4,.u-palette-2-dark-1 h4,.u-palette-3-dark-3 h4,.u-palette-3-dark-2 h4,.u-palette-3-dark-1 h4,.u-palette-4-base h4,.u-palette-4-dark-3 h4,.u-palette-4-dark-2 h4,.u-palette-4-dark-1 h4,.u-palette-4 h4,.u-palette-4-light-1 h4,.u-palette-5-base h4,.u-palette-5-dark-3 h4,.u-palette-5-dark-2 h4,.u-palette-5-dark-1 h4,.u-palette-5 h4,.u-palette-5-light-1 h4,.u-grey-40 h4,.u-grey-30 h4,.u-grey-90 h4,.u-grey-80 h4,.u-grey-75 h4,.u-black h4,.u-grey-70 h4,.u-grey-60 h4,.u-grey-50 h4,.u-grey-dark-3 h4,.u-grey-dark-2 h4,.u-grey-dark-1 h4,.u-grey h4,.u-shading h4,.u-overlap-contrast .u-header h4:not(.u-nav-link):not(.u-btn)\n        {\n        color: var(--h4-alt-text-color);\n        }\n        .u-custom-color-1 .u-btn,.u-body-color .u-btn,.u-palette-1-base .u-btn,.u-palette-1-dark-3 .u-btn,.u-palette-1-dark-2 .u-btn,.u-palette-1-dark-1 .u-btn,.u-palette-1 .u-btn,.u-palette-1-light-1 .u-btn,.u-palette-2-base .u-btn,.u-palette-2-dark-3 .u-btn,.u-palette-2-dark-2 .u-btn,.u-palette-2-dark-1 .u-btn,.u-palette-3-dark-3 .u-btn,.u-palette-3-dark-2 .u-btn,.u-palette-3-dark-1 .u-btn,.u-palette-4-base .u-btn,.u-palette-4-dark-3 .u-btn,.u-palette-4-dark-2 .u-btn,.u-palette-4-dark-1 .u-btn,.u-palette-4 .u-btn,.u-palette-4-light-1 .u-btn,.u-palette-5-base .u-btn,.u-palette-5-dark-3 .u-btn,.u-palette-5-dark-2 .u-btn,.u-palette-5-dark-1 .u-btn,.u-palette-5 .u-btn,.u-palette-5-light-1 .u-btn,.u-grey-40 .u-btn,.u-grey-30 .u-btn,.u-grey-90 .u-btn,.u-grey-80 .u-btn,.u-grey-75 .u-btn,.u-black .u-btn,.u-grey-70 .u-btn,.u-grey-60 .u-btn,.u-grey-50 .u-btn,.u-grey-dark-3 .u-btn,.u-grey-dark-2 .u-btn,.u-grey-dark-1 .u-btn,.u-grey .u-btn,.u-shading .u-btn,.u-overlap-contrast .u-header .u-btn\n        {\n        background-color: var(--button-alt-background-color);\n        color: var(--button-alt-color);\n        }\n        .u-custom-color-1 .u-btn:hover,.u-body-color .u-btn:hover,.u-palette-1-base .u-btn:hover,.u-palette-1-dark-3 .u-btn:hover,.u-palette-1-dark-2 .u-btn:hover,.u-palette-1-dark-1 .u-btn:hover,.u-palette-1 .u-btn:hover,.u-palette-1-light-1 .u-btn:hover,.u-palette-2-base .u-btn:hover,.u-palette-2-dark-3 .u-btn:hover,.u-palette-2-dark-2 .u-btn:hover,.u-palette-2-dark-1 .u-btn:hover,.u-palette-3-dark-3 .u-btn:hover,.u-palette-3-dark-2 .u-btn:hover,.u-palette-3-dark-1 .u-btn:hover,.u-palette-4-base .u-btn:hover,.u-palette-4-dark-3 .u-btn:hover,.u-palette-4-dark-2 .u-btn:hover,.u-palette-4-dark-1 .u-btn:hover,.u-palette-4 .u-btn:hover,.u-palette-4-light-1 .u-btn:hover,.u-palette-5-base .u-btn:hover,.u-palette-5-dark-3 .u-btn:hover,.u-palette-5-dark-2 .u-btn:hover,.u-palette-5-dark-1 .u-btn:hover,.u-palette-5 .u-btn:hover,.u-palette-5-light-1 .u-btn:hover,.u-grey-40 .u-btn:hover,.u-grey-30 .u-btn:hover,.u-grey-90 .u-btn:hover,.u-grey-80 .u-btn:hover,.u-grey-75 .u-btn:hover,.u-black .u-btn:hover,.u-grey-70 .u-btn:hover,.u-grey-60 .u-btn:hover,.u-grey-50 .u-btn:hover,.u-grey-dark-3 .u-btn:hover,.u-grey-dark-2 .u-btn:hover,.u-grey-dark-1 .u-btn:hover,.u-grey .u-btn:hover,.u-shading .u-btn:hover,.u-overlap-contrast .u-header .u-btn:hover\n        {\n        background-color: var(--button-hover-alt-background-color);\n        color: var(--button-hover-alt-color);\n        }\n        .u-custom-color-1 .u-btn:active,.u-body-color .u-btn:active,.u-palette-1-base .u-btn:active,.u-palette-1-dark-3 .u-btn:active,.u-palette-1-dark-2 .u-btn:active,.u-palette-1-dark-1 .u-btn:active,.u-palette-1 .u-btn:active,.u-palette-1-light-1 .u-btn:active,.u-palette-2-base .u-btn:active,.u-palette-2-dark-3 .u-btn:active,.u-palette-2-dark-2 .u-btn:active,.u-palette-2-dark-1 .u-btn:active,.u-palette-3-dark-3 .u-btn:active,.u-palette-3-dark-2 .u-btn:active,.u-palette-3-dark-1 .u-btn:active,.u-palette-4-base .u-btn:active,.u-palette-4-dark-3 .u-btn:active,.u-palette-4-dark-2 .u-btn:active,.u-palette-4-dark-1 .u-btn:active,.u-palette-4 .u-btn:active,.u-palette-4-light-1 .u-btn:active,.u-palette-5-base .u-btn:active,.u-palette-5-dark-3 .u-btn:active,.u-palette-5-dark-2 .u-btn:active,.u-palette-5-dark-1 .u-btn:active,.u-palette-5 .u-btn:active,.u-palette-5-light-1 .u-btn:active,.u-grey-40 .u-btn:active,.u-grey-30 .u-btn:active,.u-grey-90 .u-btn:active,.u-grey-80 .u-btn:active,.u-grey-75 .u-btn:active,.u-black .u-btn:active,.u-grey-70 .u-btn:active,.u-grey-60 .u-btn:active,.u-grey-50 .u-btn:active,.u-grey-dark-3 .u-btn:active,.u-grey-dark-2 .u-btn:active,.u-grey-dark-1 .u-btn:active,.u-grey .u-btn:active,.u-shading .u-btn:active,.u-overlap-contrast .u-header .u-btn:active\n        {\n        background-color: var(--button-active-alt-background-color);\n        color: var(--button-active-alt-color);\n        }\n        .u-custom-color-1 a,.u-body-color a,.u-palette-1-base a,.u-palette-1-dark-3 a,.u-palette-1-dark-2 a,.u-palette-1-dark-1 a,.u-palette-1 a,.u-palette-1-light-1 a,.u-palette-2-base a,.u-palette-2-dark-3 a,.u-palette-2-dark-2 a,.u-palette-2-dark-1 a,.u-palette-3-dark-3 a,.u-palette-3-dark-2 a,.u-palette-3-dark-1 a,.u-palette-4-base a,.u-palette-4-dark-3 a,.u-palette-4-dark-2 a,.u-palette-4-dark-1 a,.u-palette-4 a,.u-palette-4-light-1 a,.u-palette-5-base a,.u-palette-5-dark-3 a,.u-palette-5-dark-2 a,.u-palette-5-dark-1 a,.u-palette-5 a,.u-palette-5-light-1 a,.u-grey-40 a,.u-grey-30 a,.u-grey-90 a,.u-grey-80 a,.u-grey-75 a,.u-black a,.u-grey-70 a,.u-grey-60 a,.u-grey-50 a,.u-grey-dark-3 a,.u-grey-dark-2 a,.u-grey-dark-1 a,.u-grey a,.u-shading a,.u-overlap-contrast .u-header a:not(.u-nav-link):not(.u-btn)\n        {\n        color: var(--hyperlink-alt-text-color);\n        }\n        .u-custom-color-1 a:hover,.u-body-color a:hover,.u-palette-1-base a:hover,.u-palette-1-dark-3 a:hover,.u-palette-1-dark-2 a:hover,.u-palette-1-dark-1 a:hover,.u-palette-1 a:hover,.u-palette-1-light-1 a:hover,.u-palette-2-base a:hover,.u-palette-2-dark-3 a:hover,.u-palette-2-dark-2 a:hover,.u-palette-2-dark-1 a:hover,.u-palette-3-dark-3 a:hover,.u-palette-3-dark-2 a:hover,.u-palette-3-dark-1 a:hover,.u-palette-4-base a:hover,.u-palette-4-dark-3 a:hover,.u-palette-4-dark-2 a:hover,.u-palette-4-dark-1 a:hover,.u-palette-4 a:hover,.u-palette-4-light-1 a:hover,.u-palette-5-base a:hover,.u-palette-5-dark-3 a:hover,.u-palette-5-dark-2 a:hover,.u-palette-5-dark-1 a:hover,.u-palette-5 a:hover,.u-palette-5-light-1 a:hover,.u-grey-40 a:hover,.u-grey-30 a:hover,.u-grey-90 a:hover,.u-grey-80 a:hover,.u-grey-75 a:hover,.u-black a:hover,.u-grey-70 a:hover,.u-grey-60 a:hover,.u-grey-50 a:hover,.u-grey-dark-3 a:hover,.u-grey-dark-2 a:hover,.u-grey-dark-1 a:hover,.u-grey a:hover\n        {\n        color: var(--hyperlink-hover-alt-text-color);\n        }\n        /** alt-color-rules **/\n    </style><style id=\"font-scheme\" font-scheme=\"Oswald-OpenSans\" heading-font=\"Oswald,sans-serif\" text-font=\"'Open Sans',sans-serif\">.u-body {\n   --text-font: 'Open Sans',sans-serif;\n   --heading-font: Oswald,sans-serif;\n}</style>","appVersion":"4.2.6","isTrial":false}